NAME,FID,SID,DTG,TEMP,SENSOR8,SENSOR16,SENSOR24,DATE
SMS1902,19,2,2016-06-23 21:05:45,46.64996681179162,37.298750844669634,46.66883858982109,16.395217687961512,06-23
SMS1902,19,2,2016-06-23 21:06:35,46.64996681179162,35.420428312053936,46.66883858982109,21.862812532736267,06-23
SMS1902,19,2,2016-06-23 23:06:40,42.553684084209145,35.77357467757619,46.68392314354303,20.017957579149467,06-23
SMS1902,19,2,2016-06-24 01:06:40,40.03307282633554,35.471055307847216,46.68392314354303,19.25568228997737,06-24
SMS1902,19,2,2016-06-24 03:06:40,37.59581897352528,35.471055307847216,46.68392314354303,20.765289774685925,06-24
SMS1902,19,2,2016-06-24 05:06:39,35.30283838494419,34.962254754109466,46.69891108029061,16.530656023272506,06-24
SMS1902,19,2,2016-06-24 07:06:39,33.40478729387395,36.123705983408776,46.69891108029061,19.008478403668434,06-24
SMS1902,19,2,2016-06-24 09:06:39,31.60432118379232,34.80856128832964,46.69891108029061,18.764802286607008,06-24
SMS1902,19,2,2016-06-24 11:06:39,32.228036887142096,35.115473765579125,46.66883858982109,17.675557821257826,06-24
SMS1902,19,2,2016-06-24 13:06:39,35.84911569500919,34.34478563664893,46.66883858982109,18.327375189407988,06-24
SMS1902,19,2,2016-06-24 15:06:38,38.967432995378644,33.77293557476621,46.66883858982109,17.342609950279247,06-24
SMS1902,19,2,2016-06-24 21:06:38,39.796830259466994,32.191194127641374,46.66883858982109,16.667812157540588,06-24
SMS1902,19,2,2016-06-24 23:06:37,37.535917391693005,33.87728773616989,46.68392314354303,16.496635237362426,06-24
SMS1902,19,2,2016-06-25 01:06:38,35.30283838494419,30.964113125533363,46.69891108029061,16.70236909530889,06-25
SMS1902,19,2,2016-06-25 03:06:37,33.343116397002326,30.107288916200122,46.69891108029061,16.228341141893935,06-25
SMS1902,19,2,2016-06-25 05:06:37,31.666832617192426,29.304049968089608,46.71380295008368,15.807090436698346,06-25
SMS1902,19,2,2016-06-25 07:06:37,30.473637894932093,29.1970610218812,46.71380295008368,14.489885021464822,06-25
SMS1902,19,2,2016-06-25 09:06:37,29.459539055784674,28.76955208806639,46.71380295008368,14.436388427278606,06-25
SMS1902,19,2,2016-06-25 13:06:36,39.204814882934855,29.78587572526355,46.66883858982109,14.489885021464822,06-25
SMS1902,19,2,2016-06-25 15:06:36,44.1779878795931,28.662809068652805,46.576272143065474,14.304504490681154,06-25
SMS1902,19,2,2016-06-25 17:06:36,47.44959034726118,29.03665433977545,46.576272143065474,14.304504490681154,06-25
SMS1902,19,2,2016-06-25 19:06:36,47.44959034726118,29.250550756069625,46.66883858982109,14.598156042238195,06-25
SMS1902,19,2,2016-06-25 21:06:35,44.75517071051347,29.250550756069625,46.66883858982109,14.149731971733306,06-25
SMS1902,19,2,2016-06-25 23:06:35,41.91204107630116,28.76955208806639,46.68392314354303,14.07376572679282,06-25
SMS1902,19,2,2016-06-26 03:06:35,35.84911569500919,28.92977429355156,46.62299980214935,13.998741841949027,06-26
SMS1902,19,2,2016-06-26 07:06:34,32.66282010759373,26.07787969050132,46.397110083737076,13.73165904283907,06-26
SMS1902,19,2,2016-06-26 09:06:34,31.416597778468557,26.494672704535947,46.496379494523104,13.803258443763065,06-26
SMS1902,19,2,2016-06-26 11:06:34,33.71271420512646,25.612199579145646,45.63385568977185,12.05165131601651,06-26
SMS1902,19,2,2016-06-26 13:06:34,39.85592069866404,27.071652053781374,46.094879390487385,13.277749431517243,06-26
SMS1902,19,2,2016-06-26 15:06:35,44.46676329232423,26.494672704535947,45.94150084087328,12.843824892248776,06-26
SMS1902,19,2,2016-06-26 17:06:33,47.44959034726118,27.2297113323622,46.16885151101836,12.96344767624403,06-26
SMS1902,19,2,2016-06-26 19:06:33,46.249246773923424,27.546636264436646,46.397110083737076,13.191779666110966,06-26
SMS1902,19,2,2016-06-26 21:06:33,44.06237297022769,27.59955537399964,46.258817850098374,13.191779666110966,06-26
SMS1902,19,2,2016-06-26 23:06:33,42.20395434273469,27.282459268218613,46.258817850098374,12.923191206418819,06-26
SMS1902,19,2,2016-06-27 01:06:32,39.85592069866404,27.01902890624851,46.32882355144461,12.94327147674597,06-27
SMS1902,19,2,2016-06-27 05:06:32,35.60658034840897,25.922258463325814,46.20516883601671,13.299489568417885,06-27
SMS1902,19,2,2016-06-27 07:06:32,33.897131625462514,26.703991377172986,46.29403733924282,12.863523712710958,06-27
SMS1902,19,2,2016-06-27 13:06:31,42.32059894038076,24.743103518440318,46.094879390487385,12.633341458614495,06-27
SMS1902,19,2,2016-06-27 15:06:31,47.05007487967638,25.09919237878995,45.86204895629156,12.469432104181848,06-27
SMS1902,19,2,2016-06-27 17:06:31,49.32560986203679,25.818726826341077,45.697515556594546,12.005078362680516,06-27
SMS1902,19,2,2016-06-27 19:06:31,48.92863362573111,26.703991377172986,45.697515556594546,12.114906489322571,06-27
SMS1902,19,2,2016-06-27 21:06:30,47.905478375296795,27.2297113323622,46.56049629160866,13.024554071000018,06-27
SMS1902,19,2,2016-06-27 23:06:30,45.90527052906064,27.59955537399964,45.92181206037704,12.416421139740741,06-27
SMS1902,19,2,2016-06-28 01:06:30,42.90280945341765,27.282459268218613,45.999875087948816,12.228841397445722,06-28
SMS1902,19,2,2016-06-28 03:06:30,40.32793333085683,26.8088667934925,46.311484390249106,12.689626780157075,06-28
SMS1902,19,2,2016-06-28 07:06:29,37.535917391693005,26.181837148616143,46.24104456538434,12.469432104181848,06-28
SMS1902,19,2,2016-06-28 09:06:29,36.45370932523042,26.07787969050132,46.258817850098374,12.541371517528644,06-28
SMS1902,19,2,2016-06-28 13:06:29,43.54134894413001,25.818726826341077,46.03821794984168,12.633341458614495,06-28
SMS1902,19,2,2016-06-28 15:06:28,47.905478375296795,25.818726826341077,45.92181206037704,12.228841397445722,06-28
SMS1902,19,2,2016-06-28 17:06:28,49.608865752580115,26.285957857734036,45.94150084087328,12.16322689054131,06-28
SMS1902,19,2,2016-06-28 19:06:28,51.02165497131743,26.861356697800588,45.882086444333076,11.959240554845607,06-28
SMS1902,19,2,2016-06-28 23:06:28,47.392552262560244,26.913880701541462,45.882086444333076,12.067340438670762,06-28
SMS1902,19,2,2016-06-29 01:06:27,44.409037892348,26.02596344857156,45.345422123240134,11.685453586834285,06-29
SMS1902,19,2,2016-06-29 03:06:27,41.15099736440523,26.02596344857156,46.01910361566762,11.989717824107244,06-29
SMS1902,19,2,2016-06-29 07:06:27,37.71555397556614,27.124307193881574,46.32882355144461,12.31279394803098,06-29
SMS1902,19,2,2016-06-29 11:06:26,37.35607538546515,25.974089538334184,46.05721844801454,12.228841397445722,06-29
SMS1902,19,2,2016-06-29 17:06:26,47.73460633802527,25.406413447875618,45.882086444333076,12.05165131601651,06-29
SMS1902,19,2,2016-06-29 19:06:26,49.55223409180441,25.974089538334184,45.961074046018105,12.005078362680516,06-29
SMS1902,19,2,2016-06-29 21:06:25,48.47432811911332,26.181837148616143,45.94150084087328,12.114906489322571,06-29
SMS1902,19,2,2016-06-30 03:06:25,40.32793333085683,25.150270743634575,46.29403733924282,12.346984135665927,06-30
SMS1902,19,2,2016-06-30 07:06:24,37.35607538546515,22.66804172411568,45.961074046018105,12.469432104181848,06-30
SMS1902,19,2,2016-06-30 11:06:24,36.755091109350964,25.20139980960297,45.94150084087328,11.855097059495796,06-30
SMS1902,19,2,2016-06-30 17:06:23,47.73460633802527,24.743103518440318,45.78072708115604,12.005078362680516,06-30
SMS1902,19,2,2016-06-30 21:06:23,47.05007487967638,25.303808120530675,45.612395938098686,12.083112473057374,06-30
SMS1902,19,2,2016-07-01 03:06:22,39.323381289166186,24.490379588097767,45.80123395745954,12.083112473057374,07-01
SMS1902,19,2,2016-07-01 05:06:22,37.59581897352528,24.339423245709444,46.01910361566762,11.869736581444855,07-01
SMS1902,19,2,2016-07-01 07:06:21,36.030753452023525,23.8400855126508,45.92181206037704,11.929086276603885,07-01
SMS1902,19,2,2016-07-01 09:06:21,34.75446672599338,22.908953559580354,45.961074046018105,12.036044800228815,07-01
SMS1902,19,2,2016-07-01 13:06:21,39.914991225377385,20.989950936270148,45.228972298257965,11.914129471671126,07-01
SMS1902,19,2,2016-07-01 15:06:21,43.251344346467455,23.740955555312496,45.41381298001043,11.4633566010019,07-01
SMS1902,19,2,2016-07-01 17:06:21,45.27340079067532,22.23900905173288,45.48110145413972,11.855097059495796,07-01
SMS1902,19,2,2016-07-01 21:06:20,46.5927590142233,22.572182670185327,45.48110145413972,11.712966420428215,07-01
SMS1902,19,2,2016-07-01 23:06:20,45.330911717077996,22.572182670185327,45.50328701117418,11.811648300887114,07-01
SMS1902,19,2,2016-07-02 03:06:19,40.03307282633554,22.62007568207686,45.48110145413972,11.797320899588222,07-02
SMS1902,19,2,2016-07-02 09:06:19,36.33298733837516,20.989950936270148,45.67641522968873,11.78307071211161,07-02
SMS1902,19,2,2016-07-02 13:06:18,39.85592069866404,19.506365124549788,45.322379200471715,11.712966420428215,07-02
SMS1902,19,2,2016-07-02 15:06:18,41.736683551566365,20.061195194499078,45.06072633930208,11.57835685247818,07-02
SMS1902,19,2,2016-07-02 17:06:18,44.12018796787837,19.338859181430774,44.9116333600652,11.526542774653592,07-02
SMS1902,19,2,2016-07-03 05:06:17,38.31288587007808,17.97859293349405,44.96183390639258,11.488422684102213,07-03
SMS1902,19,2,2016-07-03 07:06:16,37.775387551358975,17.089540362211096,44.83538672606433,11.4633566010019,07-03
SMS1902,19,2,2016-07-03 11:06:16,36.995766616875336,16.982670410193585,44.67947738921542,11.526542774653592,07-03
SMS1902,19,2,2016-07-03 17:06:15,43.599302495124896,16.9472596320673,44.09770514139026,11.40188618351251,07-03
SMS1902,19,2,2016-07-03 21:06:15,42.786500621613996,16.496635237362426,44.269670758811635,11.365808826323452,07-03
SMS1902,19,2,2016-07-04 01:06:14,38.84861633799028,16.228341141893935,44.00999659016279,11.227317077695858,07-04
SMS1902,19,2,2016-07-04 03:06:14,36.93563324417179,16.031648462116493,44.297884353932794,11.414045154747647,07-04
SMS1902,19,2,2016-07-04 19:06:13,43.88883684643652,15.077421502518812,43.234465503899536,11.216183445131968,07-04
SMS1902,19,2,2016-07-04 21:06:12,43.193295618158665,14.876317951836171,43.52281246711445,11.318624387320625,07-04
SMS1902,19,2,2016-07-05 01:06:12,38.49165639761368,14.961859264395864,43.739972189523,11.306989890264127,07-05
SMS1902,19,2,2016-07-05 05:06:11,34.75446672599338,14.652931839804088,43.491280907316224,11.216183445131968,07-05
SMS1902,19,2,2016-07-05 07:06:11,33.65118552324564,14.570928339640579,43.554216986270326,11.172254405576858,07-05
SMS1902,19,2,2016-07-05 19:06:10,43.54134894413001,14.252491836914404,42.12719445974075,11.025828637039568,07-05
SMS1902,19,2,2016-07-05 21:06:10,42.960939234694926,14.07376572679282,42.662007238773015,11.005799999999924,07-05
SMS1902,19,2,2016-07-05 23:06:10,41.91204107630116,14.436388427278606,42.522086077567344,10.966378705726427,07-05
SMS1902,19,2,2016-07-06 03:06:09,37.775387551358975,15.373880189497795,42.6272120822325,10.927784517303751,07-06
SMS1902,19,2,2016-07-06 05:06:09,35.788519705263155,15.966948363845955,42.83412382053821,10.95665359797408,07-06
SMS1902,19,2,2016-07-06 07:06:09,34.26521587417318,15.870709107954426,42.6272120822325,11.005799999999924,07-06
SMS1902,19,2,2016-07-06 17:06:08,42.20395434273469,17.600837214404663,42.4158531591361,10.834752226535022,07-06
SMS1902,19,2,2016-07-06 23:06:07,41.97045848083909,18.016937048460775,42.79994895670154,10.843841184082796,07-06
SMS1902,19,2,2016-07-07 05:06:06,35.30283838494419,17.415864669170965,43.16899781115967,11.11867707682859,07-07
SMS1902,19,2,2016-07-07 11:06:06,34.69340452475821,16.806681694465844,43.331720472354505,10.781173849683974,07-07
SMS1902,19,2,2016-07-08 03:06:04,38.78917632229052,16.361626967797264,43.00312684795435,10.899366534432346,07-08
SMS1902,19,2,2016-07-08 05:06:04,38.014497492749015,16.162345117734958,43.06985204159173,10.81671238881092,07-08
SMS1902,19,2,2016-07-08 07:06:04,36.634610534216016,16.32814390330818,43.16899781115967,10.613469725851758,07-08
SMS1902,19,2,2016-07-08 13:06:03,37.71555397556614,15.31372411788557,42.59229338261471,10.71217165977459,07-08
SMS1902,19,2,2016-07-08 15:06:03,40.03307282633554,15.681151596592786,42.6272120822325,10.737732303692944,07-08
SMS1902,19,2,2016-07-08 19:06:02,43.251344346467455,16.12950897535216,42.4158531591361,10.737732303692944,07-08
SMS1902,19,2,2016-07-09 05:06:02,37.835198613743096,17.71307435378897,41.75552255846616,10.474839551479505,07-09
SMS1902,19,2,2016-07-09 07:06:01,36.995766616875336,17.97859293349405,42.48679784251196,10.807760711074417,07-09
SMS1902,19,2,2016-07-09 09:06:01,36.15172094790061,20.235060980464766,42.09056661665551,10.542855813936214,07-09
SMS1902,19,2,2016-07-09 11:06:01,36.574334258616474,20.854895080125655,42.2363528221357,10.613469725851758,07-09
SMS1902,19,2,2016-07-09 15:06:00,41.736683551566365,23.98924918644863,42.344418833775634,10.504767165296784,07-09
SMS1902,19,2,2016-07-09 17:06:00,43.599302495124896,22.908953559580354,42.27249648487209,10.550568135248911,07-09
SMS1902,19,2,2016-07-09 19:06:00,44.409037892348,23.39602413015031,43.0365521583207,10.834752226535022,07-09
SMS1902,19,2,2016-07-10 01:05:59,40.03307282633554,24.138964765434764,42.969576247745884,10.535175562109345,07-10
SMS1902,19,2,2016-07-10 03:05:59,38.074219272877606,23.98924918644863,42.12719445974075,10.31767942468928,07-10
SMS1902,19,2,2016-07-10 05:05:59,36.2121676424956,30.80356063764535,43.459622388003204,10.535175562109345,07-10
SMS1902,19,2,2016-07-10 07:05:59,35.48516044303297,30.75002804369292,44.809718492338455,10.597538164322458,07-10
SMS1902,19,2,2016-07-10 09:05:58,34.81550229084494,29.571668351493006,45.50328701117418,10.662134334622776,07-10
SMS1902,19,2,2016-07-10 13:05:58,34.69340452475821,28.71617302688045,45.94150084087328,10.597538164322458,07-10
SMS1902,19,2,2016-07-10 17:05:57,36.69486279078721,28.76955208806639,45.697515556594546,10.613469725851758,07-10
SMS1902,19,2,2016-07-10 19:05:57,38.193596523609315,28.502813391913747,45.525350987717715,10.746335494647786,07-10
SMS1902,19,2,2016-07-10 23:05:57,37.29608203495464,28.60946077180421,45.345422123240134,10.70373308093098,07-10
SMS1902,19,2,2016-07-11 01:05:56,36.15172094790061,28.87635328174288,45.525350987717715,10.737732303692944,07-11
SMS1902,19,2,2016-07-11 05:05:56,34.44888759211393,27.546636264436646,45.65519536464304,10.763668751474118,07-11
SMS1902,19,2,2016-07-11 07:05:56,33.835687164441644,27.86453981262955,45.78072708115604,10.834752226535022,07-11
SMS1902,19,2,2016-07-11 11:05:56,33.71271420512646,30.75002804369292,45.569115159846106,10.566090603557342,07-11
SMS1902,19,2,2016-07-11 13:05:55,35.12028363357382,30.160862341494926,46.607523380869715,10.535175562109345,07-11
SMS1902,19,2,2016-07-11 17:05:55,39.50107687000988,29.893004418124814,46.27648196777518,10.629544119935844,07-11
SMS1902,19,2,2016-07-11 19:05:55,40.97493617725912,30.910603758625317,46.18706557419257,10.581746201682053,07-11
SMS1902,19,2,2016-07-12 01:05:54,38.72971508294758,30.58939308270722,46.27648196777518,10.908789730677471,07-12
SMS1902,19,2,2016-07-12 03:05:54,37.35607538546515,31.92519588904695,46.44721397546229,10.81671238881092,07-12
SMS1902,19,2,2016-07-12 09:05:53,35.12028363357382,29.73231677297504,46.607523380869715,11.216183445131968,07-12
SMS1902,19,2,2016-07-12 11:05:58,35.30283838494419,29.571668351493006,46.38019807664357,10.94697979265139,07-12
SMS1902,19,2,2016-07-12 13:05:53,36.09124957870532,29.51813025812795,46.397110083737076,11.087223849060663,07-12
SMS1902,19,2,2016-07-12 15:05:53,37.29608203495464,29.03665433977545,45.82162302477748,11.129275994822834,07-12
SMS1902,19,2,2016-07-12 17:05:52,39.796830259466994,29.1970610218812,45.54729362273253,11.005799999999924,07-12
SMS1902,19,2,2016-07-12 21:05:52,40.32793333085683,29.571668351493006,45.27592317978281,11.097651387490401,07-12
SMS1902,19,2,2016-07-13 01:05:51,37.35607538546515,28.662809068652805,45.697515556594546,11.227317077695858,07-13
SMS1902,19,2,2016-07-13 09:05:51,35.48516044303297,30.42871450899803,46.72859930790778,11.617970116384278,07-13
SMS1902,19,2,2016-07-13 11:05:51,35.30283838494419,28.92977429355156,46.16885151101836,11.216183445131968,07-13
SMS1902,19,2,2016-07-13 13:05:51,36.81529557072537,27.705472995302078,45.525350987717715,11.194098581421137,07-13
SMS1902,19,2,2016-07-13 15:05:50,39.914991225377385,27.124307193881574,45.036191468935,11.108135668785325,07-13
SMS1902,19,2,2016-07-13 17:05:50,42.0288584438362,27.282459268218613,44.78392373026991,11.216183445131968,07-13
SMS1902,19,2,2016-07-13 19:05:50,43.193295618158665,27.811492878920827,44.731954210526865,11.03592381704771,07-13
SMS1902,19,2,2016-07-13 21:05:49,43.193295618158665,27.440880143981506,44.51899637785824,0.5762962322629097,07-13
SMS1902,19,2,2016-07-13 23:05:49,42.26228519804549,27.811492878920827,44.67947738921542,10.99586576439748,07-13
SMS1902,19,2,2016-07-14 01:05:49,40.73992742206182,28.4495154216947,45.525350987717715,11.272468369923873,07-14
SMS1902,19,2,2016-07-14 03:05:49,38.78917632229052,29.571668351493006,45.65519536464304,11.389794046845743,07-14
SMS1902,19,2,2016-07-14 05:05:48,37.775387551358975,29.78587572526355,46.094879390487385,11.51376614341823,07-14
SMS1902,19,2,2016-07-14 07:05:48,36.755091109350964,29.678762179232773,46.43061757040179,11.754800661042294,07-14
SMS1902,19,2,2016-07-14 09:05:48,35.970232484756714,29.73231677297504,46.63837745658196,11.685453586834285,07-14
SMS1902,19,2,2016-07-14 11:05:48,35.545883152281476,27.811492878920827,45.86204895629156,11.389794046845743,07-14
SMS1902,19,2,2016-07-14 13:05:48,37.29608203495464,26.913880701541462,44.936796605225716,11.150647889947257,07-14
SMS1902,19,2,2016-07-14 15:05:48,40.50461691054653,26.33807815849896,44.155538337122834,10.985984397391393,07-14
SMS1902,19,2,2016-07-14 17:05:47,43.193295618158665,31.33839687766289,44.936796605225716,11.005799999999924,07-14
SMS1902,19,2,2016-07-14 21:05:47,45.503361805867854,30.00014367781272,45.13358006900276,10.966378705726427,07-14
SMS1902,19,2,2016-07-15 01:05:46,42.378895635052025,31.28496203350948,45.82162302477748,11.161421629938276,07-15
SMS1902,19,2,2016-07-15 03:05:46,40.03307282633554,32.244329224865304,45.841894587861496,11.161421629938276,07-15
SMS1902,19,2,2016-07-15 09:05:46,37.416045676024375,32.72144578724064,46.9260423356386,11.899252466849575,07-15
SMS1902,19,2,2016-07-15 11:05:45,36.69486279078721,30.37514799087491,46.27648196777518,11.671809158665084,07-15
SMS1902,19,2,2016-07-15 17:05:45,42.08724103127533,28.82294569300666,44.46448395598155,11.295419301717686,07-15
SMS1902,19,2,2016-07-15 19:05:45,43.193295618158665,28.39623533846941,44.40946137792635,11.087223849060663,07-15
SMS1902,19,2,2016-07-16 01:05:44,41.15099736440523,29.357558091609608,47.485976008208354,13.256108568626855,07-16
SMS1902,19,2,2016-07-16 05:05:43,38.78917632229052,28.076961448213325,47.585038434532,15.194708964749232,07-16
SMS1902,19,2,2016-07-16 07:05:43,38.31288587007808,28.023822046674308,47.67063334272257,16.096780796015167,07-16
SMS1902,19,2,2016-07-16 11:05:43,36.995766616875336,24.99718966781884,47.2144521808173,14.791743874668024,07-16
SMS1902,19,2,2016-07-16 13:05:43,38.432087919877524,22.33382668873621,46.52864157379066,14.489885021464822,07-16
SMS1902,19,2,2016-07-16 21:05:42,44.293542690495016,21.862812532736267,45.322379200471715,13.803258443763065,07-16
SMS1902,19,2,2016-07-16 23:05:42,44.004542825176706,22.050290039157478,46.113540574009896,14.598156042238195,07-16
SMS1902,19,2,2016-07-17 01:05:41,42.67012567009531,23.29806454586513,46.56049629160866,14.961859264395864,07-17
SMS1902,19,2,2016-07-17 03:05:41,41.268279476065224,23.543461304645014,46.96608623541805,14.819827863233172,07-17
SMS1902,19,2,2016-07-17 05:05:41,39.02680978509663,30.321578938394357,47.594702031936656,17.415864669170965,07-17
SMS1902,19,2,2016-07-17 07:05:41,38.37249776919931,29.14358133121252,47.526155750813636,18.52469977785129,07-17
SMS1902,19,2,2016-07-17 09:05:41,37.835198613743096,26.913880701541462,47.555795672519075,18.171339412576472,07-17
SMS1902,19,2,2016-07-17 15:05:40,41.561166664438865,23.543461304645014,46.113540574009896,16.228341141893935,07-17
SMS1902,19,2,2016-07-17 17:05:40,43.599302495124896,23.200374379323147,46.01910361566762,16.031648462116493,07-17
SMS1902,19,2,2016-07-17 21:05:39,44.582169994273,21.862812532736267,45.13358006900276,15.077421502518812,07-17
SMS1902,19,2,2016-07-18 01:05:39,42.786500621613996,22.572182670185327,46.311484390249106,16.32814390330818,07-18
SMS1902,19,2,2016-07-18 03:05:39,42.43717534723796,23.29806454586513,46.52864157379066,16.91195528143519,07-18
SMS1902,19,2,2016-07-18 05:05:38,41.97045848083909,24.389684452735853,46.84360000000041,17.379184735444483,07-18
SMS1902,19,2,2016-07-18 07:05:38,41.44406598136381,24.743103518440318,46.87143542511392,16.806681694465844,07-18
SMS1902,19,2,2016-07-18 09:05:38,40.97493617725912,26.02596344857156,47.13103584464579,18.13258526479428,07-18
SMS1902,19,2,2016-07-18 19:05:37,44.1779878795931,26.703991377172986,46.9260423356386,16.228341141893935,07-18
SMS1902,19,2,2016-07-18 21:05:37,44.582169994273,25.767027264629817,47.11882178263584,16.530656023272506,07-18
SMS1902,19,2,2016-07-18 23:05:36,44.351297712035596,27.2297113323622,47.305560465460005,17.053810872368597,07-18
SMS1902,19,2,2016-07-19 01:05:36,43.42539466191023,27.546636264436646,47.44499031923822,17.864178696401392,07-19
SMS1902,19,2,2016-07-19 05:05:36,41.678195718303435,28.023822046674308,47.64243191321728,17.638145395288845,07-19
SMS1902,19,2,2016-07-19 07:05:36,41.50262531007968,27.38804420858003,47.65186685943478,18.055383917119716,07-19
SMS1902,19,2,2016-07-19 09:05:36,41.326893131799714,26.861356697800588,47.91438142415257,20.49857451581911,07-19
SMS1902,19,2,2016-07-19 11:05:36,41.385488611061184,26.65160690917644,47.594702031936656,17.750694851993934,07-19
SMS1902,19,2,2016-07-19 15:05:35,42.72832144293669,25.457788778834573,47.06919331800405,16.806681694465844,07-19
SMS1902,19,2,2016-07-19 21:05:34,45.61826021214112,23.494249771120096,46.48009445991002,15.807090436698346,07-19
SMS1902,19,2,2016-07-19 23:05:34,45.733104510630454,25.560682334753107,46.772420935148965,16.261500942915283,07-19
SMS1902,19,2,2016-07-20 01:05:34,44.63985141746721,25.150270743634575,47.13103584464579,16.91195528143519,07-20
SMS1902,19,2,2016-07-20 03:05:34,43.48337968727433,25.715372538648015,47.44499031923822,17.826247170085548,07-20
SMS1902,19,2,2016-07-20 05:05:33,42.61191323869439,26.181837148616143,47.5161832975673,17.71307435378897,07-20
SMS1902,19,2,2016-07-20 07:05:33,42.145606309004016,27.33523707162982,47.8345672284144,17.563633414766755,07-20
SMS1902,19,2,2016-07-20 09:05:33,41.50262531007968,27.124307193881574,47.735332181452854,21.35383962280777,07-20
SMS1902,19,2,2016-07-20 11:05:33,40.97493617725912,24.99718966781884,47.50616311341415,18.171339412576472,07-20
SMS1902,19,2,2016-07-20 13:05:33,42.32059894038076,23.64207966570817,47.06919331800405,16.806681694465844,07-20
SMS1902,19,2,2016-07-20 17:05:33,46.306530701404846,21.35383962280777,46.113540574009896,15.743904573137273,07-20
SMS1902,19,2,2016-07-20 19:05:32,47.44959034726118,21.35383962280777,46.132089399957145,15.775443398123407,07-20
SMS1902,19,2,2016-07-21 03:05:31,44.351297712035596,24.339423245709444,47.3818799007456,16.633362310397935,07-21
SMS1902,19,2,2016-07-21 05:05:31,43.54134894413001,24.138964765434764,47.594702031936656,17.053810872368597,07-21
SMS1902,19,2,2016-07-21 07:05:31,43.193295618158665,24.54081260042968,47.798759689260685,18.171339412576472,07-21
SMS1902,19,2,2016-07-21 11:05:30,42.20395434273469,23.93946604897565,47.594702031936656,17.638145395288845,07-21
SMS1902,19,2,2016-07-21 15:05:30,46.36380179757737,20.235060980464766,46.397110083737076,15.966948363845955,07-21
SMS1902,19,2,2016-07-21 19:05:30,49.83529638289682,18.684368872063306,45.90200737108343,14.7081353505244,07-21
SMS1902,19,2,2016-07-21 21:05:29,49.83529638289682,18.84563279344671,46.076105472490404,15.048369312402427,07-21
SMS1902,19,2,2016-07-22 01:05:29,48.4174922673611,20.191457793339268,47.5161832975673,17.902213601253585,07-22
SMS1902,19,2,2016-07-22 03:05:29,47.22136723610082,20.454431518110002,47.271900234544255,18.327375189407988,07-22
SMS1902,19,2,2016-07-22 09:05:28,45.790506515696684,21.03514105736471,48.10945773914713,17.71307435378897,07-22
SMS1902,19,2,2016-07-22 11:05:28,45.38840882240172,20.765289774685925,47.726175335914824,17.864178696401392,07-22
SMS1902,19,2,2016-07-22 19:05:27,47.73460633802527,29.1970610218812,47.37116028400547,15.495490223454778,07-22
SMS1902,19,2,2016-07-22 23:05:26,47.44959034726118,30.58939308270722,47.67063334272257,16.361626967797264,07-22
SMS1902,19,2,2016-07-23 13:05:25,45.90527052906064,28.662809068652805,48.32418812047004,18.093933377377862,07-23
SMS1902,19,2,2016-07-23 15:05:25,47.84853236412828,27.124307193881574,47.99379585606546,16.462721879622073,07-23
SMS1902,19,2,2016-07-23 17:05:25,49.495592724936564,26.33807815849896,47.707779755490996,16.12950897535216,07-23
SMS1902,19,2,2016-07-23 19:05:24,50.90883481298248,25.406413447875618,47.485976008208354,15.838845677779013,07-23
SMS1902,19,2,2016-07-23 21:05:24,51.923045521709206,31.01761358953249,47.67063334272257,15.373880189497795,07-23
SMS1902,19,2,2016-07-23 23:05:24,51.69788737406146,29.250550756069625,48.029174814200495,17.018187522266743,07-23
SMS1902,19,2,2016-07-24 03:05:24,49.94845482201628,30.37514799087491,49.14135535710381,18.764802286607008,07-24
SMS1902,19,2,2016-07-24 11:05:23,47.563631463970346,25.922258463325814,49.1096392995277,20.191457793339268,07-24
SMS1902,19,2,2016-07-24 15:05:23,50.06157589946032,24.641847212208845,48.275840205189546,16.737033049092553,07-24
SMS1902,19,2,2016-07-24 17:05:22,51.86676745295318,23.8400855126508,48.055806669877136,16.162345117734958,07-24
SMS1902,19,2,2016-07-24 19:05:22,52.87865594766207,23.00581559821525,47.81669695551522,15.019424907393477,07-24
SMS1902,19,2,2016-07-24 21:05:22,53.38376502923725,21.630247028650604,47.86126542237174,15.587833876716877,07-24
SMS1902,19,2,2016-07-24 23:05:22,53.552019752334154,22.144495836059704,48.24735138769985,16.32814390330818,07-24
SMS1902,19,2,2016-07-25 01:05:21,52.822499730984546,23.24918557644153,48.86125359037382,17.30614043327543,07-25
SMS1902,19,2,2016-07-25 09:05:21,49.43894159943968,25.612199579145646,51.10420125699132,18.604334173595483,07-25
SMS1902,19,2,2016-07-25 11:05:21,49.155537748468845,23.592738078907214,49.910943333818025,18.52469977785129,07-25
SMS1902,19,2,2016-07-25 13:05:20,49.72210016562986,21.630247028650604,49.1096392995277,17.30614043327543,07-25
SMS1902,19,2,2016-07-25 15:05:20,51.923045521709206,20.454431518110002,48.509534755246065,16.428916010468928,07-25
SMS1902,19,2,2016-07-25 17:05:20,54.00043209563805,19.131642357334414,48.275840205189546,16.096780796015167,07-25
SMS1902,19,2,2016-07-25 19:05:20,55.79063468892626,17.94035173196282,48.29504301144894,15.343748091279194,07-25
SMS1902,19,2,2016-07-25 21:05:20,56.5165712789621,17.638145395288845,48.333999201155365,16.096780796015167,07-25
SMS1902,19,2,2016-07-26 03:05:19,55.17582198259616,19.25568228997737,50.46657835620356,18.055383917119716,07-26
SMS1902,19,2,2016-07-26 05:05:19,54.72832621138569,19.214238693399977,50.637404875337,19.760475126442387,07-26
SMS1902,19,2,2016-07-26 07:05:18,54.95211378072497,20.899827628445774,51.940247159648045,19.380592005941256,07-26
SMS1902,19,2,2016-07-26 11:05:18,54.336497945641014,20.061195194499078,51.74533991955808,20.061195194499078,07-26
SMS1902,19,2,2016-07-26 17:05:18,57.7437205280756,16.031648462116493,49.09399009576063,16.9472596320673,07-26
SMS1902,19,2,2016-07-26 19:05:17,58.91387799061536,15.31372411788557,48.8477354437191,16.876757449479133,07-26
SMS1902,19,2,2016-07-26 21:05:17,59.303740398260594,15.019424907393477,48.988204208915064,17.197364651786735,07-26
SMS1902,19,2,2016-07-26 23:05:17,59.63785211905362,15.464925435282035,49.86556401557647,17.675557821257826,07-26
SMS1903,19,3,2016-06-23 22:06:54,68.33746388833733,6.2172313121012435,0.048080744509858775,0.048080744509858775,06-23
SMS1903,19,3,2016-06-24 04:06:53,58.91387799061536,7.081006931414856,0.048080744509858775,0.09551294298265717,06-24
SMS1903,19,3,2016-06-24 06:06:53,56.349106096873705,7.153851055937547,0.09551294298265717,0.18845772051873044,06-24
SMS1903,19,3,2016-06-24 08:06:53,53.83232200592085,7.2547627612772585,0.09551294298265717,0.09551294298265717,06-24
SMS1903,19,3,2016-06-24 12:06:52,62.19868695010932,7.095624838408604,0.09551294298265717,0.048080744509858775,06-24
SMS1903,19,3,2016-06-24 16:06:52,74.25898472103441,7.590219098936603,0.09551294298265717,0.09551294298265717,06-24
SMS1903,19,3,2016-06-24 20:06:51,67.44173231758104,7.396605078364601,0.048080744509858775,0.0,06-24
SMS1903,19,3,2016-06-24 22:06:51,63.75805834681481,7.1247875505634894,0.09551294298265717,0.18845772051873044,06-24
SMS1903,19,3,2016-06-25 02:06:51,56.237443705270366,6.693331360276339,0.14230311075072488,0.14230311075072488,06-25
SMS1903,19,3,2016-06-25 10:06:50,54.2805009434291,6.402750057506778,0.09551294298265717,0.09551294298265717,06-25
SMS1903,19,3,2016-06-25 16:06:49,82.39584780172844,7.4803184609981335,0.14230311075072488,0.14230311075072488,06-25
SMS1903,19,3,2016-06-25 18:06:49,84.10620132926445,7.68470282441546,0.09551294298265717,0.18845772051873044,06-25
SMS1903,19,3,2016-06-25 20:06:49,76.42679140974293,7.521765602509991,0.18845772051873044,0.048080744509858775,06-25
SMS1903,19,3,2016-06-26 06:06:47,54.11247659204054,6.27919106110512,0.048080744509858775,0.18845772051873044,06-26
SMS1903,19,3,2016-06-26 10:06:47,57.07455721748931,6.155183056423649,0.09551294298265717,0.18845772051873044,06-26
SMS1903,19,3,2016-06-26 14:06:47,78.20778747203157,6.783973828578745,0.048080744509858775,0.14230311075072488,06-26
SMS1903,19,3,2016-06-26 16:06:46,84.5212959710121,7.081006931414856,0.09551294298265717,0.18845772051873044,06-26
SMS1903,19,3,2016-06-26 20:06:46,77.11478749347052,7.139331833282817,0.14230311075072488,0.09551294298265717,06-26
SMS1903,19,3,2016-06-27 12:06:44,80.40846024461473,6.24822374969467,0.048080744509858775,0.048080744509858775,06-27
SMS1903,19,3,2016-06-28 00:06:43,72.3318044065447,7.368463970770493,0.048080744509858775,0.09551294298265717,06-28
SMS1903,19,3,2016-06-28 04:06:42,62.97823117309315,6.99280458980946,0.09551294298265717,0.18845772051873044,06-28
SMS1903,19,3,2016-06-28 06:06:42,62.087339716116496,6.859010011831978,0.048080744509858775,0.14230311075072488,06-28
SMS1903,19,3,2016-06-28 08:06:42,60.02759708646179,6.768910583092714,0.048080744509858775,0.09551294298265717,06-28
SMS1903,19,3,2016-06-28 10:06:42,63.81377422214057,6.753829386507739,0.09551294298265717,0.09551294298265717,06-28
SMS1903,19,3,2016-06-28 16:06:41,91.17612930974137,7.576591786090719,0.09551294298265717,0.14230311075072488,06-28
SMS1903,19,3,2016-06-28 20:06:41,85.35423947273708,7.764394372033031,0.048080744509858775,0.09551294298265717,06-28
SMS1903,19,3,2016-06-29 00:06:40,74.08849525139267,7.396605078364601,0.048080744509858775,0.09551294298265717,06-29
SMS1903,19,3,2016-06-29 08:06:39,59.91624629475767,7.240425983775277,0.048080744509858775,0.18845772051873044,06-29
SMS1903,19,3,2016-06-29 10:06:39,63.25670228540781,7.066365009222884,0.09551294298265717,0.14230311075072488,06-29
SMS1903,19,3,2016-06-29 20:06:39,84.81834944900503,7.9581757963108215,0.09551294298265717,0.14230311075072488,06-29
SMS1903,19,3,2016-06-30 00:06:37,71.99279478516863,7.6309079732658525,0.048080744509858775,0.14230311075072488,06-30
SMS1903,19,3,2016-06-30 02:06:37,67.44173231758104,7.424628985279881,0.09551294298265717,0.18845772051873044,06-30
SMS1903,19,3,2016-06-30 04:06:37,65.26324407858607,7.168344963022616,0.048080744509858775,0.048080744509858775,06-30
SMS1903,19,3,2016-06-30 06:06:37,62.365714224002964,7.037010189034071,0.09551294298265717,0.14230311075072488,06-30
SMS1903,19,3,2016-06-30 12:06:36,72.04927529167787,7.382549067276074,0.14230311075072488,0.09551294298265717,06-30
SMS1903,19,3,2016-06-30 14:06:36,83.10180056770245,7.590219098936603,0.048080744509858775,0.09551294298265717,06-30
SMS1903,19,3,2016-06-30 16:06:36,87.8764384155652,7.9581757963108215,0.048080744509858775,0.09551294298265717,06-30
SMS1903,19,3,2016-06-30 20:06:35,81.75084555065331,7.9200564942585565,0.048080744509858775,0.09551294298265717,06-30
SMS1903,19,3,2016-07-01 10:06:33,59.804891747953064,7.007562539862497,0.09551294298265717,0.09551294298265717,07-01
SMS1903,19,3,2016-07-01 14:06:33,82.16107055415105,7.326036358548535,0.048080744509858775,0.048080744509858775,07-01
SMS1903,19,3,2016-07-01 16:06:33,84.5212959710121,7.9200564942585565,0.048080744509858775,0.09551294298265717,07-01
SMS1903,19,3,2016-07-01 20:06:32,80.58308934419472,8.070573393754941,0.14230311075072488,0.14230311075072488,07-01
SMS1903,19,3,2016-07-02 00:06:32,70.86487761853407,7.894464632235024,0.048080744509858775,0.18845772051873044,07-02
SMS1903,19,3,2016-07-02 12:06:30,71.14656327773915,7.226062406283471,0.048080744509858775,0.09551294298265717,07-02
SMS1903,19,3,2016-07-02 14:06:30,72.04927529167787,7.283354961753527,0.09551294298265717,0.09551294298265717,07-02
SMS1903,19,3,2016-07-02 16:06:30,79.8273349838985,7.5492417101563705,0.09551294298265717,0.14230311075072488,07-02
SMS1903,19,3,2016-07-02 18:06:30,83.042876900456,7.894464632235024,0.048080744509858775,0.14230311075072488,07-02
SMS1903,19,3,2016-07-02 22:06:29,74.31583468066326,7.657871249532935,0.09551294298265717,0.09551294298265717,07-02
SMS1903,19,3,2016-07-03 16:06:27,80.05960743785167,7.507980759332643,0.09551294298265717,0.14230311075072488,07-03
SMS1903,19,3,2016-07-03 18:06:27,79.07404452291328,7.657871249532935,0.09551294298265717,0.14230311075072488,07-03
SMS1903,19,3,2016-07-03 20:06:27,75.45502321990031,7.507980759332643,0.09551294298265717,0.14230311075072488,07-03
SMS1903,19,3,2016-07-04 12:06:25,71.48484017200205,7.066365009222884,0.09551294298265717,0.09551294298265717,07-04
SMS1903,19,3,2016-07-04 14:06:25,81.63378493358945,7.139331833282817,0.09551294298265717,0.14230311075072488,07-04
SMS1903,19,3,2016-07-04 18:06:24,79.01619813142615,7.751197024165144,0.09551294298265717,0.09551294298265717,07-04
SMS1903,19,3,2016-07-04 20:06:24,74.6571489897034,7.7379656421070075,0.18845772051873044,0.09551294298265717,07-04
SMS1903,19,3,2016-07-04 22:06:24,70.41456672576278,7.438596457664289,0.09551294298265717,0.048080744509858775,07-04
SMS1903,19,3,2016-07-05 00:06:23,65.15167926060715,7.211672270378567,0.14230311075072488,0.14230311075072488,07-05
SMS1903,19,3,2016-07-05 02:06:24,60.75130988207367,7.037010189034071,0.09551294298265717,0.09551294298265717,07-05
SMS1903,19,3,2016-07-05 04:06:23,57.966685720609796,7.037010189034071,0.09551294298265717,0.14230311075072488,07-05
SMS1903,19,3,2016-07-05 06:06:23,55.678890730709035,6.783973828578745,0.09551294298265717,0.14230311075072488,07-05
SMS1903,19,3,2016-07-05 08:06:23,55.17582198259616,6.814045228329795,0.09551294298265717,0.14230311075072488,07-05
SMS1903,19,3,2016-07-05 10:06:22,56.349106096873705,6.693331360276339,0.09551294298265717,0.18845772051873044,07-05
SMS1903,19,3,2016-07-05 12:06:22,69.5714453994699,6.859010011831978,0.14230311075072488,0.18845772051873044,07-05
SMS1903,19,3,2016-07-05 14:06:22,78.03489882114495,7.007562539862497,0.09551294298265717,0.048080744509858775,07-05
SMS1903,19,3,2016-07-05 18:06:21,79.53732207532121,7.6309079732658525,0.048080744509858775,0.048080744509858775,07-05
SMS1903,19,3,2016-07-06 02:06:20,64.42679593047889,7.037010189034071,0.09551294298265717,0.18845772051873044,07-06
SMS1903,19,3,2016-07-06 16:06:19,83.45570896389006,7.34020739501922,0.048080744509858775,0.14230311075072488,07-06
SMS1903,19,3,2016-07-06 18:06:19,79.8273349838985,7.576591786090719,0.048080744509858775,0.14230311075072488,07-06
SMS1903,19,3,2016-07-07 00:06:18,65.54221278369839,7.066365009222884,0.14230311075072488,0.14230311075072488,07-07
SMS1903,19,3,2016-07-07 04:06:18,55.79063468892626,6.783973828578745,0.048080744509858775,0.14230311075072488,07-07
SMS1903,19,3,2016-07-07 08:06:17,55.51124201403925,6.99280458980946,0.09551294298265717,0.18845772051873044,07-07
SMS1903,19,3,2016-07-07 12:06:17,71.54124721136284,7.007562539862497,0.09551294298265717,0.14230311075072488,07-07
SMS1903,19,3,2016-07-08 02:06:15,65.54221278369839,7.7379656421070075,0.09551294298265717,0.14230311075072488,07-08
SMS1903,19,3,2016-07-08 06:06:14,62.64411301137408,7.617377369713227,0.14230311075072488,0.09551294298265717,07-08
SMS1903,19,3,2016-07-09 04:06:12,64.70554097830156,8.544087332110408,0.09551294298265717,0.14230311075072488,07-09
SMS1903,19,3,2016-07-09 08:06:12,61.920324426161116,8.400892802684972,0.09551294298265717,0.09551294298265717,07-09
SMS1903,19,3,2016-07-09 12:06:11,77.80456389360661,8.445643302469072,0.09551294298265717,0.048080744509858775,07-09
SMS1903,19,3,2016-07-09 14:06:11,78.5539237160542,8.586843900229956,0.048080744509858775,0.09551294298265717,07-09
SMS1903,19,3,2016-07-09 16:06:10,81.39985647212592,8.751784336449177,0.048080744509858775,0.14230311075072488,07-09
SMS1903,19,3,2016-07-10 06:06:09,59.804891747953064,8.830650039557057,0.09551294298265717,0.09551294298265717,07-10
SMS1903,19,3,2016-07-10 08:06:08,58.91387799061536,8.859615769546565,0.14230311075072488,0.14230311075072488,07-10
SMS1903,19,3,2016-07-10 12:06:08,60.75130988207367,8.691066637820919,0.09551294298265717,0.18845772051873044,07-10
SMS1903,19,3,2016-07-10 14:06:08,61.697645941664675,8.576212126737706,0.18845772051873044,0.2339832025495054,07-10
SMS1903,19,3,2016-07-10 16:06:08,65.15167926060715,8.64983352894172,0.09551294298265717,0.048080744509858775,07-10
SMS1903,19,3,2016-07-10 18:06:08,68.84192470504108,8.711456339855587,0.14230311075072488,0.09551294298265717,07-10
SMS1903,19,3,2016-07-10 20:06:07,67.72150670259714,8.791513978505051,0.09551294298265717,0.14230311075072488,07-10
SMS1903,19,3,2016-07-11 04:06:06,58.858176786852475,8.907163610564497,0.048080744509858775,64.002122969838,07-11
SMS1903,19,3,2016-07-11 14:06:06,76.77057189194183,8.99957574921563,0.18845772051873044,49.69193130844739,07-11
SMS1903,19,3,2016-07-11 20:06:05,72.38833585147816,9.165700570678652,0.09551294298265717,48.74350618251185,07-11
SMS1903,19,3,2016-07-11 22:06:04,69.73994840075805,9.062188099447587,0.14230311075072488,48.542506037134025,07-11
SMS1903,19,3,2016-07-12 00:06:04,65.59801657855503,8.972222965531564,0.09551294298265717,48.333999201155365,07-12
SMS1903,19,3,2016-07-12 04:06:04,60.41730034469643,8.781637413322358,0.048080744509858775,48.10047217337935,07-12
SMS1903,19,3,2016-07-12 08:06:03,57.4649536517479,8.533302496639777,0.09551294298265717,47.8790051299025,07-12
SMS1903,19,3,2016-07-12 12:06:02,62.25436180861493,8.378287443054795,0.09551294298265717,47.8434798646324,07-12
SMS1903,19,3,2016-07-12 14:06:02,67.72150670259714,8.64983352894172,0.18845772051873044,47.798759689260685,07-12
SMS1903,19,3,2016-07-12 16:06:02,74.88489947164963,8.878743668904775,0.09551294298265717,47.762650953223826,07-12
SMS1903,19,3,2016-07-13 02:06:01,61.530641993384855,8.522479342570293,0.09551294298265717,47.23763816238758,07-13
SMS1903,19,3,2016-07-13 04:06:01,59.4151161919648,8.434513229660816,0.09551294298265717,47.13103584464579,07-13
SMS1903,19,3,2016-07-13 06:06:00,59.63785211905362,8.41213797180496,0.09551294298265717,47.05658965361752,07-13
SMS1903,19,3,2016-07-13 10:06:00,59.526486648116034,8.389609288315745,0.09551294298265717,47.005368217673066,07-13
SMS1903,19,3,2016-07-13 18:05:59,77.86212812931731,9.026615555916985,0.09551294298265717,46.801168194855826,07-13
SMS1903,19,3,2016-07-14 04:05:58,58.523930707783705,8.400892802684972,0.09551294298265717,46.132089399957145,07-14
SMS1903,19,3,2016-07-14 08:05:58,54.8961744462276,7.9581757963108215,0.09551294298265717,46.03821794984168,07-14
SMS1903,19,3,2016-07-14 10:05:57,58.468216137320134,7.9581757963108215,0.09551294298265717,46.18706557419257,07-14
SMS1903,19,3,2016-07-14 12:05:57,74.03168541632863,7.9581757963108215,0.09551294298265717,46.258817850098374,07-14
SMS1903,19,3,2016-07-14 16:05:57,82.63089305387788,8.781637413322358,0.09551294298265717,46.16885151101836,07-14
SMS1903,19,3,2016-07-14 22:05:56,76.31229289647345,8.711456339855587,0.14230311075072488,45.90200737108343,07-14
SMS1903,19,3,2016-07-15 00:05:56,68.84192470504108,8.586843900229956,0.09551294298265717,45.78072708115604,07-15
SMS1903,19,3,2016-07-15 02:05:55,65.20746009332304,8.41213797180496,0.048080744509858775,45.63385568977185,07-15
SMS1903,19,3,2016-07-15 08:05:55,57.91094826854235,8.179977797972388,0.048080744509858775,45.18152506683265,07-15
SMS1903,19,3,2016-07-15 10:05:54,60.75130988207367,8.155927393073146,0.09551294298265717,45.345422123240134,07-15
SMS1903,19,3,2016-07-15 16:05:54,78.61166016837397,8.670525840834308,0.048080744509858775,48.1274908574112,07-15
SMS1903,19,3,2016-07-15 18:05:54,76.36953627018309,8.953812186072819,0.09551294298265717,47.413688803791466,07-15
SMS1903,19,3,2016-07-15 22:05:53,70.97752917152457,8.888253134860335,0.048080744509858775,46.801168194855826,07-15
SMS1903,19,3,2016-07-16 06:05:52,59.08097138681115,8.576212126737706,0.09551294298265717,46.223161697688276,07-16
SMS1903,19,3,2016-07-16 12:05:51,70.75225594293566,8.321103935310964,0.09551294298265717,46.32882355144461,07-16
SMS1903,19,3,2016-07-16 14:05:51,79.4214176154301,8.544087332110408,0.048080744509858775,46.32882355144461,07-16
SMS1903,19,3,2016-07-16 18:05:51,79.24766762373402,9.026615555916985,0.048080744509858775,46.18706557419257,07-16
SMS1903,19,3,2016-07-16 20:05:51,76.1406329139245,8.972222965531564,0.14230311075072488,46.16885151101836,07-16
SMS1903,19,3,2016-07-16 22:05:51,73.86131525363518,8.840341926353517,0.09551294298265717,46.076105472490404,07-16
SMS1903,19,3,2016-07-17 00:05:50,68.56161146668482,8.670525840834308,0.14230311075072488,45.86204895629156,07-17
SMS1903,19,3,2016-07-17 06:05:49,59.804891747953064,8.309552549791299,0.09551294298265717,45.65519536464304,07-17
SMS1903,19,3,2016-07-17 12:05:49,73.52083797902341,8.19194658281474,0.09551294298265717,45.94150084087328,07-17
SMS1903,19,3,2016-07-17 14:05:48,79.4214176154301,8.434513229660816,0.09551294298265717,45.999875087948816,07-17
SMS1903,19,3,2016-07-17 16:05:48,79.13190487037704,8.781637413322358,0.14230311075072488,45.961074046018105,07-17
SMS1903,19,3,2016-07-18 02:05:47,66.04457473565265,8.533302496639777,0.09551294298265717,48.706120106315815,07-18
SMS1903,19,3,2016-07-18 06:05:47,62.6997961555643,8.751784336449177,0.048080744509858775,47.65186685943478,07-18
SMS1903,19,3,2016-07-18 08:05:47,63.25670228540781,8.618510149680922,0.14230311075072488,47.455315347890995,07-18
SMS1903,19,3,2016-07-18 14:05:46,73.86131525363518,8.791513978505051,0.09551294298265717,47.202753539200536,07-18
SMS1903,19,3,2016-07-18 16:05:45,70.75225594293566,8.897726413873697,0.09551294298265717,47.06919331800405,07-18
SMS1903,19,3,2016-07-18 18:05:45,75.51209556690073,9.026615555916985,0.048080744509858775,47.005368217673066,07-18
SMS1903,19,3,2016-07-18 20:05:45,73.5775601301033,9.053346027405231,0.048080744509858775,46.93947603593856,07-18
SMS1903,19,3,2016-07-18 22:05:45,70.58337869372401,8.981375552474837,0.09551294298265717,46.801168194855826,07-18
SMS1903,19,3,2016-07-19 00:05:45,66.77075891532367,8.859615769546565,0.09551294298265717,46.65365687415693,07-19
SMS1903,19,3,2016-07-19 04:05:44,63.36810203742662,8.781637413322358,0.048080744509858775,46.496379494523104,07-19
SMS1903,19,3,2016-07-19 08:05:44,61.19664167526896,8.691066637820919,0.048080744509858775,46.397110083737076,07-19
SMS1903,19,3,2016-07-19 12:05:44,67.05025091603277,8.478803254452835,0.09551294298265717,46.397110083737076,07-19
SMS1903,19,3,2016-07-19 14:05:43,71.09021094775744,8.554833867701177,0.09551294298265717,46.41391642823085,07-19
SMS1903,19,3,2016-07-19 16:05:43,73.86131525363518,8.751784336449177,0.18845772051873044,46.41391642823085,07-19
SMS1903,19,3,2016-07-19 18:05:43,74.71407088300116,8.888253134860335,0.048080744509858775,46.32882355144461,07-19
SMS1903,19,3,2016-07-19 20:05:42,75.45502321990031,8.925930187275483,0.048080744509858775,46.38019807664357,07-19
SMS1903,19,3,2016-07-19 22:05:42,72.38833585147816,8.953812186072819,0.09551294298265717,46.15052625010314,07-19
SMS1903,19,3,2016-07-20 02:05:41,62.58843105340375,8.576212126737706,0.09551294298265717,45.94150084087328,07-20
SMS1903,19,3,2016-07-20 08:05:41,57.966685720609796,8.41213797180496,0.048080744509858775,45.760102095844424,07-20
SMS1903,19,3,2016-07-20 22:05:39,74.82794607919564,8.916564831917382,0.09551294298265717,45.697515556594546,07-20
SMS1903,19,3,2016-07-21 00:05:39,69.06628164233668,8.781637413322358,0.09551294298265717,45.54729362273253,07-21
SMS1903,19,3,2016-07-21 02:05:39,62.19868695010932,8.691066637820919,0.09551294298265717,45.43636466593026,07-21
SMS1903,19,3,2016-07-21 08:05:38,57.07455721748931,8.107377104823854,0.048080744509858775,45.299212951830846,07-21
SMS1903,19,3,2016-07-21 10:05:38,59.35942898434374,7.9581757963108215,0.048080744509858775,45.322379200471715,07-21
SMS1903,19,3,2016-07-21 12:05:38,72.78430040843497,8.070573393754941,0.09551294298265717,45.45879408229757,07-21
SMS1903,19,3,2016-07-21 20:05:37,79.9434418606295,8.953812186072819,0.048080744509858775,45.345422123240134,07-21
SMS1903,19,3,2016-07-21 22:05:36,76.54133716926903,8.811155884006851,0.09551294298265717,45.228972298257965,07-21
SMS1903,19,3,2016-07-22 04:05:36,67.16207931960089,8.456734998168349,0.048080744509858775,45.085135960486916,07-22
SMS1903,19,3,2016-07-22 06:05:35,65.70963456271053,8.155927393073146,0.048080744509858775,45.085135960486916,07-22
SMS1903,19,3,2016-07-22 10:05:35,65.31903125898772,8.309552549791299,0.09551294298265717,45.760102095844424,07-22
SMS1903,19,3,2016-07-22 16:05:37,75.91191489246549,8.830650039557057,0.09551294298265717,45.78072708115604,07-22
SMS1903,19,3,2016-07-22 18:05:34,74.54333638903455,8.907163610564497,0.09551294298265717,45.67641522968873,07-22
SMS1903,19,3,2016-07-22 20:05:35,72.67112358970294,8.878743668904775,0.09551294298265717,45.67641522968873,07-22
SMS1903,19,3,2016-07-23 02:05:33,64.3710547589245,8.576212126737706,0.14230311075072488,45.43636466593026,07-23
SMS1903,19,3,2016-07-23 04:05:33,61.697645941664675,8.628989321866761,0.14230311075072488,45.41381298001043,07-23
SMS1903,19,3,2016-07-23 08:05:33,57.07455721748931,8.203877674124247,0.048080744509858775,45.20531081651404,07-23
SMS1903,19,3,2016-07-23 10:05:32,59.971922138075506,8.203877674124247,0.048080744509858775,45.43636466593026,07-23
SMS1903,19,3,2016-07-23 14:05:32,76.02625091846653,8.639430434515809,0.048080744509858775,47.67063334272257,07-23
SMS1903,19,3,2016-07-23 16:05:31,77.11478749347052,9.062188099447587,0.09551294298265717,46.85756255517559,07-23
SMS1903,19,3,2016-07-23 18:05:31,77.2296244383932,9.105894452363481,0.09551294298265717,46.56049629160866,07-23
SMS1903,19,3,2016-07-23 20:05:31,76.31229289647345,9.207459783785792,0.048080744509858775,46.258817850098374,07-23
SMS1903,19,3,2016-07-23 22:05:31,74.31583468066326,9.14026400365818,0.048080744509858775,46.094879390487385,07-23
SMS1903,19,3,2016-07-24 08:05:30,55.3435528495909,8.378287443054795,0.09551294298265717,45.525350987717715,07-24
SMS1903,19,3,2016-07-24 10:05:29,58.189611083324344,8.27466958405316,0.048080744509858775,45.569115159846106,07-24
SMS1903,19,3,2016-07-24 18:05:29,80.40846024461473,9.165700570678652,0.09551294298265717,45.67641522968873,07-24
SMS1903,19,3,2016-07-24 20:05:28,76.94262468221697,9.343794045186355,0.14230311075072488,48.542506037134025,07-24
SMS1903,19,3,2016-07-25 00:05:28,70.63966379913299,9.336004815671854,0.09551294298265717,46.912522052449425,07-25
SMS1903,19,3,2016-07-25 02:05:28,63.0339223363981,9.199170621344237,0.09551294298265717,46.4637061135971,07-25
SMS1903,19,3,2016-07-25 04:05:27,62.64411301137408,9.079770989888097,0.09551294298265717,46.24104456538434,07-25
SMS1903,19,3,2016-07-25 06:05:27,60.973976655423186,8.972222965531564,0.09551294298265717,46.05721844801454,07-25
SMS1903,19,3,2016-07-25 12:05:26,74.4864455922817,8.878743668904775,0.09551294298265717,46.18706557419257,07-25
SMS1903,19,3,2016-07-25 18:05:26,83.6329010194228,9.47951227230515,0.09551294298265717,46.094879390487385,07-25
SMS1903,19,3,2016-07-25 20:05:26,82.04378142216892,9.457454882786813,0.09551294298265717,45.94150084087328,07-25
SMS1903,19,3,2016-07-25 22:05:25,79.71128642162951,9.36699738650163,0.09551294298265717,45.86204895629156,07-25
SMS1903,19,3,2016-07-26 00:05:25,74.25898472103441,9.272673794603632,0.09551294298265717,45.65519536464304,07-26
SMS1903,19,3,2016-07-26 10:05:24,68.16941150109058,8.761772666889385,0.09551294298265717,45.697515556594546,07-26
SMS1903,19,3,2016-07-26 14:05:23,82.39584780172844,9.105894452363481,0.09551294298265717,45.82162302477748,07-26
SMS1903,19,3,2016-07-26 18:05:23,84.58066923087503,9.38995889884665,0.09551294298265717,45.67641522968873,07-26
SMS1903,19,3,2016-07-26 22:05:23,79.88538110884781,9.272673794603632,0.09551294298265717,45.322379200471715,07-26
SMS1903,19,3,2016-07-27 02:05:22,69.62760653015049,9.008623617308622,0.09551294298265717,45.18152506683265,07-27
SMS1903,19,3,2016-07-27 04:05:22,67.66554185897611,8.925930187275483,0.09551294298265717,45.085135960486916,07-27
SMS1903,19,3,2016-07-27 08:05:22,62.58843105340375,8.670525840834308,0.09551294298265717,44.98674539364258,07-27
SMS1903,19,3,2016-07-27 12:05:21,77.28706157063455,8.554833867701177,0.18845772051873044,45.20531081651404,07-27
SMS1903,19,3,2016-07-27 14:05:21,85.5332160166692,8.897726413873697,0.09551294298265717,45.25250969140191,07-27
SMS1903,19,3,2016-07-27 16:05:21,85.47353771932845,9.14877501822091,0.14230311075072488,45.10942048477483,07-27
SMS1903,19,3,2016-07-27 18:05:20,86.07120567247287,9.256550826934188,0.048080744509858775,45.299212951830846,07-27
SMS1903,19,3,2016-07-27 22:05:20,80.93275952127485,9.105894452363481,0.048080744509858775,44.86092853955918,07-27
SMS1903,19,3,2016-07-28 00:05:20,73.23736916129094,9.079770989888097,0.09551294298265717,46.05721844801454,07-28
SMS1903,19,3,2016-07-28 04:05:19,66.04457473565265,9.174115451931755,0.09551294298265717,45.43636466593026,07-28
SMS1903,19,3,2016-07-28 12:05:19,78.15014473713221,8.935259788335145,0.048080744509858775,45.569115159846106,07-28
SMS1903,19,3,2016-07-28 16:05:18,86.8511740659303,9.486817848177061,0.048080744509858775,45.590815847335044,07-28
SMS1903,19,3,2016-07-29 02:05:17,68.84192470504108,9.14026400365818,0.09551294298265717,45.20531081651404,07-29
SMS1903,19,3,2016-07-29 08:05:16,62.14301293363854,9.572763743437081,0.048080744509858775,51.137431411513866,07-29
SMS1903,19,3,2016-07-29 12:05:16,76.1406329139245,9.65585741595016,0.048080744509858775,49.49169411132573,07-29
SMS1903,19,3,2016-07-30 14:05:13,78.61166016837397,9.835004597925634,2.8471391395742254,49.933937282401104,07-30
SMS1903,19,3,2016-07-30 18:05:12,76.02625091846653,9.835004597925634,2.5505347305621795,48.94479913019204,07-30
SMS1903,19,3,2016-07-30 20:05:12,73.0673998330699,9.723279278025174,2.3710357313216246,48.65761455995161,07-30
SMS1903,19,3,2016-07-30 22:05:12,70.6959562011498,9.558650359652333,2.11915891394915,48.414403597649965,07-30
SMS1903,19,3,2016-07-31 00:05:12,66.32379541291036,9.50859747834209,2.11915891394915,48.237934154637024,07-31
SMS1903,19,3,2016-07-31 02:05:11,63.925212273746794,9.486817848177061,2.2413600544290717,48.055806669877136,07-31
SMS1903,19,3,2016-07-31 10:05:10,59.804891747953064,8.953812186072819,0.323172293352779,47.65186685943478,07-31
SMS1903,19,3,2016-07-31 14:05:10,72.84090221954611,9.131720604925427,0.6560206786186726,47.50616311341415,07-31
SMS1903,19,3,2016-07-31 16:05:10,75.62627355930678,9.343794045186355,0.9876810610645048,47.42417789710662,07-31
SMS1903,19,3,2016-07-31 20:05:09,78.32311273018674,9.435181249562667,0.8456149517414921,47.19098346616912,07-31
SMS1903,19,3,2016-07-31 22:05:09,74.03168541632863,9.35929010914326,0.4942792058850168,47.081717669347604,07-31
SMS1903,19,3,2016-08-01 00:05:09,66.32379541291036,9.24030853740851,0.09551294298265717,46.85756255517559,08-01
SMS1903,19,3,2016-08-01 14:05:07,76.94262468221697,8.981375552474837,0.048080744509858775,46.397110083737076,08-01
SMS1903,19,3,2016-08-01 16:05:07,79.53732207532121,9.199170621344237,0.14230311075072488,46.258817850098374,08-01
SMS1903,19,3,2016-08-01 22:05:06,76.02625091846653,9.207459783785792,0.09551294298265717,45.882086444333076,08-01
SMS1903,19,3,2016-08-02 16:05:04,70.75225594293566,9.026615555916985,0.09551294298265717,45.20531081651404,08-02
SMS1903,19,3,2016-08-02 18:05:04,71.48484017200205,8.99957574921563,0.09551294298265717,44.83538672606433,08-02
SMS1903,19,3,2016-08-02 22:05:03,66.60311618901201,8.916564831917382,0.048080744509858775,44.46448395598155,08-02
SMS1903,19,3,2016-08-03 00:05:03,62.47707052420534,8.897726413873697,0.09551294298265717,44.437036460973594,08-03
SMS1903,19,3,2016-08-03 02:05:03,59.47080206520396,8.878743668904775,0.14230311075072488,44.18426317778297,08-03
SMS1903,19,3,2016-08-03 08:05:02,53.38376502923725,8.791513978505051,0.09551294298265717,43.89126268072055,08-03
SMS1903,19,3,2016-08-03 12:05:02,69.73994840075805,8.355528830098727,0.048080744509858775,44.297884353932794,08-03
SMS1903,19,3,2016-08-03 14:05:02,74.4864455922817,8.680815153372087,0.048080744509858775,44.297884353932794,08-03
SMS1903,19,3,2016-08-03 22:05:01,73.86131525363518,8.888253134860335,0.09551294298265717,44.18426317778297,08-03
SMS1903,19,3,2016-08-04 00:05:01,65.98874214389836,8.830650039557057,0.09551294298265717,44.00999659016279,08-04
SMS1903,19,3,2016-08-04 04:05:00,57.79946571713839,8.811155884006851,0.09551294298265717,43.739972189523,08-04
SMS1903,19,3,2016-08-04 06:05:00,55.51124201403925,8.597437473928599,0.09551294298265717,43.554216986270326,08-04
SMS1903,19,3,2016-08-04 08:05:00,54.616401725688235,8.576212126737706,0.09551294298265717,44.12668565906022,08-04
SMS1903,19,3,2016-08-04 10:04:59,58.35678068977622,8.72159467231728,0.09551294298265717,44.155538337122834,08-04
SMS1903,19,3,2016-08-04 12:04:59,73.74778415360689,8.565542124655495,0.09551294298265717,43.89126268072055,08-04
SMS1903,19,3,2016-08-04 14:04:59,78.7849511745695,8.953812186072819,0.048080744509858775,43.89126268072055,08-04
SMS1903,19,3,2016-08-04 20:04:59,79.71128642162951,9.296638013127776,2.698778131584516,45.697515556594546,08-04
SMS1903,19,3,2016-08-04 22:04:58,75.05582336440658,9.256550826934188,2.3710357313216246,45.569115159846106,08-04
SMS1903,19,3,2016-08-05 00:04:58,68.16941150109058,9.174115451931755,1.8594020730214995,45.41381298001043,08-05
SMS1903,19,3,2016-08-05 06:04:57,59.58216998473089,9.026615555916985,1.7731475237453804,45.085135960486916,08-05
SMS1903,19,3,2016-08-05 08:04:57,58.189611083324344,8.897726413873697,1.1538482941515964,45.06072633930208,08-05
SMS1903,19,3,2016-08-05 10:04:57,59.19235891426067,8.830650039557057,1.1538482941515964,44.98674539364258,08-05
SMS1903,19,3,2016-08-05 12:04:57,71.59766223984995,8.801353441844412,0.4523958082192169,44.98674539364258,08-05
SMS1903,19,3,2016-08-05 14:04:56,79.30557012499258,9.207459783785792,0.6950381989601271,45.085135960486916,08-05
SMS1903,19,3,2016-08-05 18:04:56,83.10180056770245,9.486817848177061,0.4523958082192169,45.01153120150865,08-05
SMS1903,19,3,2016-08-05 20:04:56,83.86940690078085,9.501360193879615,0.048080744509858775,44.9116333600652,08-05
SMS1903,19,3,2016-08-05 22:04:56,79.59529578857328,9.38233155401506,0.14230311075072488,44.731954210526865,08-05
SMS1903,19,3,2016-08-06 00:04:55,70.02091946824575,9.272673794603632,0.09551294298265717,44.731954210526865,08-06
SMS1903,19,3,2016-08-06 02:04:55,65.65382382403524,9.131720604925427,0.048080744509858775,44.936796605225716,08-06
SMS1903,19,3,2016-08-06 04:04:55,62.42139186698592,9.174115451931755,0.09551294298265717,44.83538672606433,08-06
SMS1903,19,3,2016-08-06 10:04:54,61.641977562829936,8.741758605795184,0.09551294298265717,44.59980943632309,08-06
SMS1903,19,3,2016-08-06 14:04:54,72.6145484943912,8.981375552474837,0.048080744509858775,44.5729990777874,08-06
SMS1903,19,3,2016-08-06 16:04:53,73.80454483233216,9.14026400365818,0.048080744509858775,44.59980943632309,08-06
SMS1903,19,3,2016-08-06 18:04:53,78.20778747203157,9.232142157952481,0.09551294298265717,44.491803910879916,08-06
SMS1903,19,3,2016-08-07 00:04:52,66.04457473565265,8.963035217854262,0.048080744509858775,44.00999659016279,08-07
SMS1903,19,3,2016-08-07 04:04:52,59.971922138075506,8.869197913757844,0.09551294298265717,43.739972189523,08-07
SMS1903,19,3,2016-08-07 06:04:52,59.35942898434374,8.781637413322358,0.09551294298265717,43.89126268072055,08-07
SMS1903,19,3,2016-08-07 08:04:52,57.52071263445464,8.670525840834308,0.14230311075072488,43.86125985563692,08-07
SMS1903,19,3,2016-08-07 12:04:51,69.12238600350462,8.660198648949965,0.048080744509858775,43.89126268072055,08-07
SMS1903,19,3,2016-08-07 16:04:51,74.4864455922817,8.990493104370877,0.09551294298265717,43.739972189523,08-07
SMS1903,19,3,2016-08-07 18:04:50,76.1406329139245,9.070996370779277,0.048080744509858775,43.67856316833354,08-07
SMS1903,19,3,2016-08-07 22:04:50,69.79612922653364,8.849997138779756,0.09551294298265717,43.39592481457615,08-07
SMS1903,19,3,2016-08-08 02:04:49,60.58430697727541,8.811155884006851,0.09551294298265717,43.234465503899536,08-08
SMS1903,19,3,2016-08-08 04:04:49,59.35942898434374,8.586843900229956,0.048080744509858775,43.1030263641745,08-08
SMS1903,19,3,2016-08-08 10:04:49,58.91387799061536,8.533302496639777,0.09551294298265717,43.234465503899536,08-08
SMS1903,19,3,2016-08-08 14:04:48,74.03168541632863,8.576212126737706,0.09551294298265717,43.1030263641745,08-08
SMS1903,19,3,2016-08-08 16:04:48,73.74778415360689,8.731695406433076,0.09551294298265717,42.969576247745884,08-08
SMS1903,19,3,2016-08-08 20:04:47,76.31229289647345,8.771723668054634,0.09551294298265717,42.935900498582846,08-08
SMS1903,19,3,2016-08-08 22:04:47,67.05025091603277,8.628989321866761,0.048080744509858775,42.73122622010462,08-08
SMS1903,19,3,2016-08-09 02:04:47,61.3636409608928,8.203877674124247,2.3710357313216246,44.809718492338455,08-09
SMS1903,19,3,2016-08-09 06:04:46,57.85520828233437,8.321103935310964,0.4523958082192169,45.322379200471715,08-09
SMS1903,19,3,2016-08-09 08:04:46,57.966685720609796,8.445643302469072,0.4942792058850168,45.18152506683265,08-09
SMS1903,19,3,2016-08-09 12:04:46,64.3710547589245,8.41213797180496,0.18845772051873044,45.157614874428155,08-09
SMS1903,19,3,2016-08-09 18:04:45,76.48405836085806,9.114535992216993,0.048080744509858775,45.20531081651404,08-09
SMS1903,19,3,2016-08-10 06:04:43,57.52071263445464,8.701280347913887,0.09551294298265717,44.67947738921542,08-10
SMS1903,19,3,2016-08-10 10:04:43,57.01877381932611,8.670525840834308,2.91799929974285,47.13103584464579,08-10
SMS1903,19,3,2016-08-10 18:04:42,76.36953627018309,9.405135261898913,2.784477522441869,46.93947603593856,08-10
SMS1903,19,3,2016-08-10 20:04:42,78.26544345406596,9.450054695777304,2.7563329995845782,46.87143542511392,08-10
SMS1903,19,3,2016-08-10 22:04:42,73.97488550127534,9.343794045186355,2.6522175485936623,46.772420935148965,08-10
SMS1903,19,3,2016-08-11 00:04:41,66.32379541291036,9.223945365409376,2.5158954888678444,46.72859930790778,08-11
SMS1903,19,3,2016-08-11 02:04:41,61.19664167526896,9.088512107505544,2.3591282777235048,46.63837745658196,08-11
SMS1903,19,3,2016-08-11 08:04:40,56.29327682529747,8.533302496639777,80.0,47.75356898295031,08-11
SMS1903,19,3,2016-08-11 12:04:40,75.62627355930678,9.097219876598821,4.0829088042214,48.00263010199173,08-11
SMS1903,19,3,2016-08-11 14:04:40,78.43849135270565,9.435181249562667,4.0244080813144985,48.08255706120451,08-11
SMS1903,19,3,2016-08-11 16:04:40,78.20778747203157,9.52300557050136,3.8466666577893385,48.011470579725255,08-11
SMS1903,19,3,2016-08-11 18:04:39,81.34141422762067,9.586797819920506,3.7332446385698934,48.03804087400928,08-11
SMS1903,19,3,2016-08-11 20:04:39,80.17583210238162,9.558650359652333,3.5638806088168504,47.92321035168625,08-11
SMS1903,19,3,2016-08-12 12:04:37,77.91970533133669,8.990493104370877,3.2199622166249138,47.65186685943478,08-12
SMS1903,19,3,2016-08-12 14:04:37,78.32311273018674,9.464831041487193,5.968751443165652,48.118463567859116,08-12
SMS1903,19,3,2016-08-12 18:04:37,81.86797095710762,9.795914591222498,4.0244080813144985,48.44551994966909,08-12
SMS1903,19,3,2016-08-12 20:04:36,81.63378493358945,9.756470365605026,3.783888030463761,48.414403597649965,08-12
SMS1903,19,3,2016-08-12 22:04:36,76.6559305411202,9.756470365605026,3.5463377421507776,48.24735138769985,08-12
SMS1903,19,3,2016-08-13 12:04:35,74.71407088300116,9.165700570678652,3.287772680345693,48.011470579725255,08-13
SMS1903,19,3,2016-08-13 18:04:34,83.39668035563457,9.621550712587068,3.2027636542072653,47.8434798646324,08-13
SMS1903,19,3,2016-08-13 20:04:34,84.10620132926445,9.607705109173624,3.1543882863364505,47.75356898295031,08-13
SMS1903,19,3,2016-08-14 00:04:33,70.30206110621769,9.47951227230515,3.0671178304641646,47.613908795548504,08-14
SMS1903,19,3,2016-08-14 08:04:32,62.64411301137408,9.14026400365818,3.0882451665113266,47.47580732747422,08-14
SMS1903,19,3,2016-08-14 18:04:31,85.11587486223617,9.614636979930664,3.000507586672688,47.485976008208354,08-14
SMS1903,19,3,2016-08-14 22:04:31,78.26544345406596,9.501360193879615,2.9315632225580353,47.31665043824728,08-14
SMS1903,19,3,2016-08-15 00:04:31,70.58337869372401,9.343794045186355,2.907305284657377,47.24912701114435,08-15
SMS1903,19,3,2016-08-15 02:04:30,66.379651389981,9.343794045186355,3.000507586672688,47.19098346616912,08-15
SMS1903,19,3,2016-08-15 04:04:30,65.31903125898772,9.174115451931755,2.9718473961547325,47.167226063923614,08-15
SMS1903,19,3,2016-08-15 08:04:30,59.69353309506475,8.953812186072819,2.934313912120573,47.11882178263584,08-15
SMS1903,19,3,2016-08-15 12:04:29,79.59529578857328,8.953812186072819,2.923391557343084,47.202753539200536,08-15
SMS1903,19,3,2016-08-15 14:04:29,78.72717385035556,9.174115451931755,2.8697513274706266,47.15523726625398,08-15
SMS1903,19,3,2016-08-15 18:04:29,86.31083012217955,9.435181249562667,2.8697513274706266,47.05658965361752,08-15
SMS1903,19,3,2016-08-15 22:04:28,79.01619813142615,9.304568172603467,2.8321325772739865,46.81540341761332,08-15
SMS1903,19,3,2016-08-16 00:04:28,66.88254238422482,9.157253817029776,2.784477522441869,46.72859930790778,08-16
SMS1903,19,3,2016-08-16 14:04:26,81.75084555065331,8.691066637820919,2.8194726124446388,46.66883858982109,08-16
SMS1903,19,3,2016-08-16 20:04:26,79.24766762373402,8.953812186072819,4.877227594728456,47.11882178263584,08-16
